{"cameraMode":{"drawMode":0,"name":"Shaded","section":"Shading Mode"},"sceneLighting":true,"audioPlay":false,"sceneViewState":{"m_AlwaysRefresh":false,"showFog":true,"showSkybox":true,"showFlares":true,"showImageEffects":true,"showParticleSystems":true,"showVisualEffectGraphs":true,"m_FxEnabled":true},"in2DMode":false,"pivot":{"x":13.297714233398438,"y":14.684464454650879,"z":38.89802932739258},"rotation":{"x":0.06054334715008736,"y":0.7864493727684021,"z":0.07775993645191193,"w":-0.6100384593009949},"size":0.8316256999969482,"orthographic":false}