{"cameraMode":{"drawMode":0,"name":"Shaded","section":"Shading Mode"},"sceneLighting":true,"audioPlay":false,"sceneViewState":{"m_AlwaysRefresh":false,"showFog":true,"showSkybox":true,"showFlares":true,"showImageEffects":true,"showParticleSystems":true,"showVisualEffectGraphs":true,"m_FxEnabled":true},"in2DMode":false,"pivot":{"x":14.191610336303711,"y":8.584075927734375,"z":2.2420432567596437},"rotation":{"x":-0.02277965284883976,"y":-0.05392289161682129,"z":0.0011142571456730366,"w":-0.9983285665512085},"size":1.358623743057251,"orthographic":false}